sequence,jitter_ns
0,593104
1,561824
2,540512
3,597712
4,549664
5,587920
6,577120
7,551776
8,556544
9,585008
10,556176
11,556736
12,560896
13,563120
14,601488
15,588080
16,545488
17,586176
18,595328
19,567456
20,589248
21,547680
22,581648
23,563440
24,584752
25,580880
26,574320
27,553072
28,546928
29,597264
30,576960
31,590256
32,598528
33,595280
34,557696
35,553632
36,551424
37,551200
38,589984
39,584736
40,597536
41,580368
42,560336
43,549440
44,577536
45,562096
46,541984
47,564288
48,540416
49,561872
50,575264
51,559328
52,670736
53,539456
54,541056
55,528784
56,562752
57,547712
58,567136
59,603712
60,545264
61,554624
62,614048
63,561968
64,599120
65,588480
66,548576
67,577472
68,607984
69,595280
70,571568
71,593120
72,574864
73,569760
74,566896
75,572704
76,543200
77,565696
78,542272
79,544848
80,562560
81,583840
82,565488
83,559056
84,540624
85,549728
86,547920
87,536240
88,534784
89,535776
90,562832
91,560160
92,548256
93,554992
94,547152
95,595840
96,541440
97,539088
98,536336
99,533824
100,586736
101,555248
102,566672
103,578048
104,530032
105,536656
106,565408
107,553712
108,546432
109,537888
110,566496
111,543408
112,537232
113,536368
114,567456
115,559824
116,538704
117,528640
118,535456
119,587216
120,603984
121,547632
122,557648
123,587040
124,538432
125,542800
126,547024
127,562736
128,552496
129,593120
130,575392
131,549088
132,586688
133,545616
134,571904
135,583840
136,539504
137,538016
138,573024
139,586400
140,591152
141,572208
142,574336
143,580144
144,602608
145,571616
146,587664
147,555232
148,572832
149,579856
150,535808
151,550720
152,585200
153,577216
154,541392
155,581056
156,585600
157,548288
158,549936
159,547920
160,578080
161,581680
162,547760
163,552336
164,548032
165,547520
166,574192
167,542560
168,556208
169,567008
170,572960
171,574640
172,575712
173,567184
174,565232
175,544160
176,575824
177,569296
178,565200
179,549904
180,590016
181,574032
182,566176
183,582480
184,560608
185,550800
186,570464
187,608448
188,542000
189,581808
190,569088
191,581952
192,569824
193,569504
194,598080
195,541520
196,555088
197,572016
198,555888
199,550496
200,548096
201,589552
202,539744
203,548192
204,563056
205,583312
206,555600
207,547280
208,559056
209,544448
210,572688
211,617648
212,579504
213,552992
214,566496
215,531824
216,547424
217,539456
218,536848
219,538384
220,543952
221,580560
222,589136
223,561504
224,548064
225,566432
226,550064
227,567648
228,547504
229,538816
230,534384
231,558000
232,530160
233,528016
234,530880
235,529824
236,554704
237,555056
238,567808
239,574512
240,535776
241,560816
242,536896
243,572768
244,614288
245,575424
246,574480
247,538144
248,602848
249,599712
250,607136
251,552400
252,578928
253,620944
254,558320
255,549904
256,577024
257,594800
258,558192
259,586544
260,591968
261,577824
262,587632
263,598352
264,556144
265,544704
266,578320
267,564704
268,554960
269,558768
270,562896
271,561008
272,594112
273,538816
274,539024
275,634336
276,553328
277,555920
278,607008
279,579296
280,569968
281,586624
282,585488
283,556080
284,575984
285,553952
286,579056
287,587680
288,575728
289,599376
290,588240
291,601776
292,550304
293,575680
294,546544
295,563984
296,543424
297,577536
298,546064
299,582752
